-- MySQL dump 10.13  Distrib 8.0.19, for Win64 (x86_64)
--
-- Host: localhost    Database: db_relationships
-- ------------------------------------------------------
-- Server version	5.5.5-10.6.13-MariaDB

/*!40101 SET @OLD_CHARACTER_SET_CLIENT=@@CHARACTER_SET_CLIENT */;
/*!40101 SET @OLD_CHARACTER_SET_RESULTS=@@CHARACTER_SET_RESULTS */;
/*!40101 SET @OLD_COLLATION_CONNECTION=@@COLLATION_CONNECTION */;
/*!50503 SET NAMES utf8mb4 */;
/*!40103 SET @OLD_TIME_ZONE=@@TIME_ZONE */;
/*!40103 SET TIME_ZONE='+00:00' */;
/*!40014 SET @OLD_UNIQUE_CHECKS=@@UNIQUE_CHECKS, UNIQUE_CHECKS=0 */;
/*!40014 SET @OLD_FOREIGN_KEY_CHECKS=@@FOREIGN_KEY_CHECKS, FOREIGN_KEY_CHECKS=0 */;
/*!40101 SET @OLD_SQL_MODE=@@SQL_MODE, SQL_MODE='NO_AUTO_VALUE_ON_ZERO' */;
/*!40111 SET @OLD_SQL_NOTES=@@SQL_NOTES, SQL_NOTES=0 */;

--
-- Table structure for table `car`
--

DROP TABLE IF EXISTS `car`;
/*!40101 SET @saved_cs_client     = @@character_set_client */;
/*!50503 SET character_set_client = utf8mb4 */;
CREATE TABLE `car` (
  `id` int(10) unsigned NOT NULL AUTO_INCREMENT,
  `citizen_id` int(10) unsigned DEFAULT NULL,
  `release_year` smallint(5) unsigned DEFAULT NULL,
  `model` varchar(20) DEFAULT NULL,
  `make` varchar(20) DEFAULT NULL,
  PRIMARY KEY (`id`),
  KEY `car_FK` (`citizen_id`),
  CONSTRAINT `car_FK` FOREIGN KEY (`citizen_id`) REFERENCES `citizen` (`id`) ON DELETE CASCADE ON UPDATE CASCADE
) ENGINE=InnoDB AUTO_INCREMENT=5 DEFAULT CHARSET=utf8mb4 COLLATE=utf8mb4_bin;
/*!40101 SET character_set_client = @saved_cs_client */;

--
-- Dumping data for table `car`
--

LOCK TABLES `car` WRITE;
/*!40000 ALTER TABLE `car` DISABLE KEYS */;
INSERT INTO `car` VALUES (1,1,2009,'ford','f-150'),(2,1,2015,'tesla','model s'),(3,1,2020,'ford','mustang'),(4,2,2022,'mercedes','e350');
/*!40000 ALTER TABLE `car` ENABLE KEYS */;
UNLOCK TABLES;

--
-- Table structure for table `citizen`
--

DROP TABLE IF EXISTS `citizen`;
/*!40101 SET @saved_cs_client     = @@character_set_client */;
/*!50503 SET character_set_client = utf8mb4 */;
CREATE TABLE `citizen` (
  `id` int(10) unsigned NOT NULL AUTO_INCREMENT,
  `name` varchar(80) DEFAULT NULL,
  `address` varchar(200) DEFAULT NULL,
  `phone_number` varchar(20) DEFAULT NULL,
  `date_of_birth` date DEFAULT NULL,
  PRIMARY KEY (`id`)
) ENGINE=InnoDB AUTO_INCREMENT=3 DEFAULT CHARSET=utf8mb4 COLLATE=utf8mb4_bin;
/*!40101 SET character_set_client = @saved_cs_client */;

--
-- Dumping data for table `citizen`
--

LOCK TABLES `citizen` WRITE;
/*!40000 ALTER TABLE `citizen` DISABLE KEYS */;
INSERT INTO `citizen` VALUES (1,'Bob','123 Fake Street','555-5544','2000-01-01'),(2,'Alice','124 Fake Street','555-5543','1990-01-01');
/*!40000 ALTER TABLE `citizen` ENABLE KEYS */;
UNLOCK TABLES;

--
-- Table structure for table `class`
--

DROP TABLE IF EXISTS `class`;
/*!40101 SET @saved_cs_client     = @@character_set_client */;
/*!50503 SET character_set_client = utf8mb4 */;
CREATE TABLE `class` (
  `id` int(10) unsigned NOT NULL AUTO_INCREMENT,
  `name` varchar(50) DEFAULT NULL,
  `time` time DEFAULT NULL,
  PRIMARY KEY (`id`)
) ENGINE=InnoDB AUTO_INCREMENT=3 DEFAULT CHARSET=utf8mb4 COLLATE=utf8mb4_bin;
/*!40101 SET character_set_client = @saved_cs_client */;

--
-- Dumping data for table `class`
--

LOCK TABLES `class` WRITE;
/*!40000 ALTER TABLE `class` DISABLE KEYS */;
INSERT INTO `class` VALUES (1,'Math','10:00:00'),(2,'Social Stuides','11:00:00');
/*!40000 ALTER TABLE `class` ENABLE KEYS */;
UNLOCK TABLES;

--
-- Table structure for table `student`
--

DROP TABLE IF EXISTS `student`;
/*!40101 SET @saved_cs_client     = @@character_set_client */;
/*!50503 SET character_set_client = utf8mb4 */;
CREATE TABLE `student` (
  `id` int(10) unsigned NOT NULL AUTO_INCREMENT,
  `name` varchar(80) DEFAULT NULL,
  `date_of_birth` date DEFAULT NULL,
  PRIMARY KEY (`id`)
) ENGINE=InnoDB AUTO_INCREMENT=5 DEFAULT CHARSET=utf8mb4 COLLATE=utf8mb4_bin;
/*!40101 SET character_set_client = @saved_cs_client */;

--
-- Dumping data for table `student`
--

LOCK TABLES `student` WRITE;
/*!40000 ALTER TABLE `student` DISABLE KEYS */;
INSERT INTO `student` VALUES (1,'Young Bob','2010-03-01'),(2,'Young Alice','2015-02-01'),(3,'Young Steve','2011-03-30'),(4,'Young Ringo','2016-01-01');
/*!40000 ALTER TABLE `student` ENABLE KEYS */;
UNLOCK TABLES;

--
-- Table structure for table `student_class`
--

DROP TABLE IF EXISTS `student_class`;
/*!40101 SET @saved_cs_client     = @@character_set_client */;
/*!50503 SET character_set_client = utf8mb4 */;
CREATE TABLE `student_class` (
  `id` int(10) unsigned NOT NULL AUTO_INCREMENT,
  `student_id` int(10) unsigned DEFAULT NULL,
  `class_id` int(10) unsigned DEFAULT NULL,
  PRIMARY KEY (`id`),
  KEY `student_class_FK` (`student_id`),
  KEY `student_class_FK_1` (`class_id`),
  CONSTRAINT `student_class_FK` FOREIGN KEY (`student_id`) REFERENCES `student` (`id`) ON DELETE CASCADE ON UPDATE CASCADE,
  CONSTRAINT `student_class_FK_1` FOREIGN KEY (`class_id`) REFERENCES `class` (`id`) ON DELETE CASCADE ON UPDATE CASCADE
) ENGINE=InnoDB AUTO_INCREMENT=6 DEFAULT CHARSET=utf8mb4 COLLATE=utf8mb4_bin;
/*!40101 SET character_set_client = @saved_cs_client */;

--
-- Dumping data for table `student_class`
--

LOCK TABLES `student_class` WRITE;
/*!40000 ALTER TABLE `student_class` DISABLE KEYS */;
INSERT INTO `student_class` VALUES (1,1,1),(2,2,2),(3,3,1),(4,4,2),(5,1,2);
/*!40000 ALTER TABLE `student_class` ENABLE KEYS */;
UNLOCK TABLES;

--
-- Table structure for table `tax_account`
--

DROP TABLE IF EXISTS `tax_account`;
/*!40101 SET @saved_cs_client     = @@character_set_client */;
/*!50503 SET character_set_client = utf8mb4 */;
CREATE TABLE `tax_account` (
  `id` int(10) unsigned NOT NULL AUTO_INCREMENT,
  `citizen_id` int(10) unsigned DEFAULT NULL,
  `date_created` date DEFAULT NULL,
  `account_number` int(11) DEFAULT NULL,
  PRIMARY KEY (`id`),
  KEY `tax_account_FK` (`citizen_id`),
  CONSTRAINT `tax_account_FK` FOREIGN KEY (`citizen_id`) REFERENCES `citizen` (`id`) ON DELETE CASCADE ON UPDATE CASCADE
) ENGINE=InnoDB AUTO_INCREMENT=3 DEFAULT CHARSET=utf8mb4 COLLATE=utf8mb4_bin;
/*!40101 SET character_set_client = @saved_cs_client */;

--
-- Dumping data for table `tax_account`
--

LOCK TABLES `tax_account` WRITE;
/*!40000 ALTER TABLE `tax_account` DISABLE KEYS */;
INSERT INTO `tax_account` VALUES (1,2,'2008-01-01',42545);
/*!40000 ALTER TABLE `tax_account` ENABLE KEYS */;
UNLOCK TABLES;

--
-- Dumping routines for database 'db_relationships'
--
/*!40103 SET TIME_ZONE=@OLD_TIME_ZONE */;

/*!40101 SET SQL_MODE=@OLD_SQL_MODE */;
/*!40014 SET FOREIGN_KEY_CHECKS=@OLD_FOREIGN_KEY_CHECKS */;
/*!40014 SET UNIQUE_CHECKS=@OLD_UNIQUE_CHECKS */;
/*!40101 SET CHARACTER_SET_CLIENT=@OLD_CHARACTER_SET_CLIENT */;
/*!40101 SET CHARACTER_SET_RESULTS=@OLD_CHARACTER_SET_RESULTS */;
/*!40101 SET COLLATION_CONNECTION=@OLD_COLLATION_CONNECTION */;
/*!40111 SET SQL_NOTES=@OLD_SQL_NOTES */;

-- Dump completed on 2023-05-16 20:02:58
